Team,Opponent,Format,Ground,Year,Toss,Selection,Run Scored,Wicket Lost,Fours,Sixes,Extras,Run Rate,Avg Bat Strike Rate,Highest Score,Wicket Taken,Given Extras,Highest Individual wicket,Player Of The Match,Result
Pakistan,Sri Lanka,ODI,Sharjah,1984,Lose,Batting,187.0,9.0,9.0,3.0,21.0,4.06,52.04,47.0,5.0,26.0,2.0,Roy Dias,Lose
Sri Lanka,Pakistan,ODI,Sharjah,1984,Win,Bowling,190.0,5.0,11.0,1.0,26.0,4.36,68.51,57.0,9.0,21.0,3.0,Roy Dias,Win
India,Sri Lanka,ODI,Sharjah,1984,Win,Bowling,97.0,0.0,9.0,0.0,14.0,4.47,60.48,51.0,10.0,8.0,3.0,Surinder Khanna,Win
Sri Lanka,India,ODI,Sharjah,1984,Lose,Batting,96.0,10.0,7.0,0.0,8.0,2.34,25.74,38.0,0.0,14.0,0.0,Surinder Khanna,Lose
India,Pakistan,ODI,Sharjah,1984,Win,Batting,188.0,4.0,13.0,3.0,17.0,4.08,60.21,56.0,10.0,5.0,3.0,Surinder Khanna,Win
Pakistan,India,ODI,Sharjah,1984,Lose,Bowling,134.0,10.0,5.0,0.0,5.0,3.37,39.46,35.0,4.0,17.0,1.0,Surinder Khanna,Lose
Sri Lanka,Pakistan,ODI,Colombo(PSS),1986,Win,Bowling,116.0,10.0,10.0,0.0,14.0,3.42,37.87,34.0,10.0,15.0,3.0,Mohsin Khan,Lose
Pakistan,Sri Lanka,ODI,Colombo(PSS),1986,Lose,Batting,197.0,10.0,14.0,3.0,15.0,4.37,65.14,39.0,10.0,14.0,3.0,Mohsin Khan,Win
Bangladesh,Pakistan,ODI,Moratuwa,1986,Lose,Batting,94.0,10.0,0.0,0.0,9.0,2.64,24.63,37.0,3.0,5.0,2.0,Wasim Akram,Lose
Pakistan,Bangladesh,ODI,Moratuwa,1986,Win,Bowling,98.0,3.0,4.0,0.0,5.0,3.04,36.79,47.0,10.0,9.0,4.0,Wasim Akram,Win
Sri Lanka,Bangladesh,ODI,Kandy,1986,win,Bowling,132.0,3.0,0.0,0.0,19.0,4.19,46.07,44.0,8.0,10.0,2.0,Asanka Gurusinha,win
Bangladesh,Sri Lanka,ODI,Kandy,1986,Lose,Batting,131.0,8.0,0.0,0.0,10.0,2.91,47.03,40.0,3.0,19.0,1.0,Asanka Gurusinha,Lose
Sri Lanka,Pakistan,ODI,Colombo(SSC),1986,Win,Bowling,195.0,5.0,15.0,1.0,9.0,4.6,62.09,57.0,9.0,14.0,4.0,Javed Miandad,Win
Pakistan,Sri Lanka,ODI,Colombo(SSC),1986,Lose,Batting,191.0,9.0,11.0,4.0,14.0,4.24,70.13,67.0,5.0,9.0,3.0,Javed Miandad,Lose
Pakistan,Sri Lanka,ODI,Dhaka,1988,Lose,Batting,194.0,7.0,5.0,0.0,7.0,4.4,74.43,54.0,5.0,18.0,2.0,Roshan Mahanama,Lose
Sri Lanka,Pakistan,ODI,Dhaka,1988,Win,Bowling,195.0,5.0,10.0,0.0,18.0,5.02,73.08,55.0,7.0,7.0,3.0,Roshan Mahanama,Win
Bangladesh,India,ODI,Chattogram,1988,Lose,Batting,99.0,8.0,5.0,0.0,13.0,2.2,36.13,22.0,1.0,7.0,1.0,Navjot Sidhu,Lose
India,Bangladesh,ODI,Chattogram,1988,Win,Bowling,100.0,1.0,7.0,1.0,7.0,3.84,56.7,50.0,8.0,13.0,3.0,Navjot Sidhu,Win
India,Sri Lanka,ODI,Dhaka,1988,Win,Bowling,254.0,10.0,14.0,4.0,5.0,5.77,97.52,50.0,6.0,13.0,2.0,Aravinda de Silva,Lose
Sri Lanka,India,ODI,Dhaka,1988,Lose,Batting,271.0,6.0,12.0,2.0,13.0,6.02,106.61,69.0,10.0,5.0,4.0,Aravinda de Silva,Win
Bangladesh,Pakistan,ODI,Chattogram,1988,Lose,Bowling,111.0,6.0,0.0,0.0,15.0,2.46,31.02,22.0,3.0,23.0,1.0,Moin ul Atiq,Lose
Pakistan,Bangladesh,ODI,Chattogram,1988,Win,Batting,284.0,3.0,9.0,4.0,23.0,6.31,76.52,124.0,6.0,15.0,3.0,Moin ul Atiq,Win
India,Pakistan,ODI,Dhaka,1988,Win,Bowling,143.0,6.0,8.0,0.0,19.0,3.51,38.29,74.0,10.0,17.0,5.0,Arshad Ayub,Win
Pakistan,India,ODI,Dhaka,1988,Lose,Batting,142.0,10.0,7.0,0.0,17.0,3.35,47.42,38.0,6.0,19.0,3.0,Arshad Ayub,Lose
Bangladesh,Sri Lanka,ODI,Dhaka,1988,Lose,Batting,118.0,8.0,0.0,0.0,12.0,2.62,30.28,30.0,1.0,7.0,1.0,Brendon Kuruppu,Lose
Sri Lanka,Bangladesh,ODI,Dhaka,1988,Win,Bowling,120.0,1.0,0.0,0.0,7.0,3.89,59.78,58.0,8.0,12.0,4.0,Brendon Kuruppu,Win
India,Sri Lanka,ODI,Dhaka,1988,Win,Bowling,180.0,4.0,10.0,3.0,12.0,4.84,62.06,76.0,10.0,18.0,3.0,Navjot Sidhu,Win
Sri Lanka,India,ODI,Dhaka,1988,Lose,Batting,176.0,10.0,8.0,1.0,18.0,4.06,54.48,36.0,4.0,12.0,2.0,Navjot Sidhu,Lose
India,Bangladesh,ODI,Chandigarh,1990,Lose,Bowling,171.0,1.0,12.0,3.0,12.0,4.64,63.78,104.0,6.0,29.0,2.0,Navjot Sidhu,Win
Bangladesh,India,ODI,Chandigarh,1990,Win,Batting,170.0,6.0,11.0,0.0,29.0,3.4,46.26,57.0,1.0,12.0,1.0,Navjot Sidhu,Lose
India,Sri Lanka,ODI,Cuttack,1990,Lose,Bowling,178.0,10.0,9.0,0.0,13.0,3.88,51.31,40.0,10.0,32.0,3.0,Arjuna Ranatunga,Lose
Sri Lanka,India,ODI,Cuttack,1990,Win,Batting,214.0,10.0,2.0,1.0,32.0,4.33,46.93,53.0,10.0,13.0,3.0,Arjuna Ranatunga,Win
Bangladesh,Sri Lanka,ODI,Kolkata,1990,Lose,Bowling,178.0,9.0,0.0,0.0,20.0,3.95,43.2,78.0,4.0,15.0,1.0,Athar Ali Khan,Lose
Sri Lanka,Bangladesh,ODI,Kolkata,1990,Win,Batting,249.0,4.0,0.0,0.0,15.0,5.53,81.82,89.0,9.0,20.0,2.0,Athar Ali Khan,Win
India,Sri Lanka,ODI,Kolkata,1991,Win,Bowling,205.0,3.0,7.0,1.0,2.0,4.86,73.75,75.0,9.0,21.0,4.0,Mohammad Azharuddin,Win
Sri Lanka,India,ODI,Kolkata,1991,Lose,Batting,204.0,9.0,3.0,0.0,21.0,4.53,55.73,49.0,3.0,2.0,1.0,Mohammad Azharuddin,Lose
Bangladesh,India,ODI,Sharjah,1995,Win,Batting,163.0,10.0,12.0,1.0,11.0,3.64,66.87,30.0,1.0,7.0,1.0,Manoj Prabhakar,Lose
India,Bangladesh,ODI,Sharjah,1995,Lose,Bowling,164.0,1.0,21.0,1.0,7.0,5.89,110.24,56.0,10.0,11.0,2.0,Manoj Prabhakar,Win
Bangladesh,Sri Lanka,ODI,Sharjah,1995,Win,Bowling,126.0,10.0,8.0,0.0,12.0,2.84,36.15,26.0,10.0,10.0,4.0,Arjuna Ranatunga,Lose
Sri Lanka,Bangladesh,ODI,Sharjah,1995,Lose,Batting,233.0,10.0,15.0,1.0,10.0,4.69,70.57,71.0,10.0,12.0,4.0,Arjuna Ranatunga,Win
India,Pakistan,ODI,Sharjah,1995,Lose,Bowling,169.0,10.0,11.0,2.0,26.0,3.96,28.93,54.0,9.0,16.0,2.0,Aaqib Javed,Lose
Pakistan,India,ODI,Sharjah,1995,Win,Batting,266.0,9.0,21.0,5.0,16.0,5.32,92.95,88.0,10.0,26.0,5.0,Aaqib Javed,Win
Bangladesh,Pakistan,ODI,Sharjah,1995,Win,Batting,151.0,8.0,7.0,0.0,14.0,3.02,29.93,44.0,4.0,7.0,1.0,Wasim Akram,Lose
Pakistan,Bangladesh,ODI,Sharjah,1995,Lose,Bowling,152.0,4.0,15.0,2.0,7.0,5.12,79.03,38.0,8.0,14.0,2.0,Wasim Akram,Win
India,Sri Lanka,ODI,Sharjah,1995,Lose,Bowling,206.0,2.0,24.0,1.0,17.0,6.21,85.03,112.0,9.0,29.0,3.0,Sachin Tendulkar,Win
Sri Lanka,India,ODI,Sharjah,1995,Win,Batting,202.0,9.0,15.0,2.0,29.0,4.04,49.64,48.0,2.0,17.0,2.0,Sachin Tendulkar,Lose
Pakistan,Sri Lanka,ODI,Sharjah,1995,Lose,Batting,178.0,9.0,5.0,3.0,22.0,3.56,40.74,73.0,5.0,17.0,2.0,Sanath Jayasuriya,Lose
Sri Lanka,Pakistan,ODI,Sharjah,1995,Win,Bowling,180.0,5.0,16.0,2.0,17.0,5.83,101.55,48.0,9.0,22.0,3.0,Sanath Jayasuriya,Win
India,Sri Lanka,ODI,Sharjah,1995,Win,Bowling,233.0,2.0,15.0,2.0,9.0,5.56,83.33,90.0,7.0,37.0,2.0,Mohammad Azharuddin,Win
Sri Lanka,India,ODI,Sharjah,1995,Lose,Batting,230.0,7.0,12.0,3.0,37.0,4.6,72.28,85.0,2.0,9.0,1.0,Mohammad Azharuddin,Lose
Sri Lanka,Pakistan,ODI,Colombo(RPS),1997,Lose,Batting,239.0,10.0,9.0,1.0,12.0,4.79,63.56,80.0,9.0,15.0,4.0,Marvan Atapattu,Win
Pakistan,Sri Lanka,ODI,Colombo(RPS),1997,Win,Bowling,224.0,9.0,11.0,3.0,15.0,4.48,68.02,57.0,10.0,12.0,2.0,Marvan Atapattu,Lose
Bangladesh,Pakistan,ODI,Colombo(RPS),1997,Lose,Bowling,210.0,10.0,15.0,1.0,18.0,4.24,54.03,82.0,5.0,13.0,1.0,Saeed Anwar,Lose
Pakistan,Bangladesh,ODI,Colombo(RPS),1997,Win,Batting,319.0,5.0,28.0,3.0,13.0,6.38,129.1,90.0,10.0,18.0,5.0,Saeed Anwar,Win
Sri Lanka,India,ODI,Colombo(RPS),1997,Win,Bowling,231.0,4.0,23.0,0.0,21.0,5.17,66.43,131.0,6.0,4.0,2.0,Arjuna Ranatunga,Win
India,Sri Lanka,ODI,Colombo(RPS),1997,Lose,Batting,227.0,6.0,19.0,2.0,4.0,4.54,86.79,81.0,4.0,21.0,2.0,Arjuna Ranatunga,Lose
Sri Lanka,Bangladesh,ODI,Colombo(SSC),1997,Lose,Batting,296.0,4.0,31.0,4.0,13.0,6.43,104.29,108.0,8.0,23.0,2.0,Sanath Jayasuriya,Win
Bangladesh,Sri Lanka,ODI,Colombo(SSC),1997,Win,Bowling,193.0,8.0,15.0,1.0,23.0,4.19,56.86,47.0,4.0,13.0,2.0,Sanath Jayasuriya,Lose
Bangladesh,India,ODI,Colombo(SSC),1997,Lose,Batting,130.0,8.0,10.0,0.0,19.0,3.02,31.66,33.0,1.0,8.0,1.0,Sourav Ganguly,Lose
India,Bangladesh,ODI,Colombo(SSC),1997,Win,Bowling,132.0,1.0,16.0,2.0,8.0,8.8,129.57,73.0,8.0,19.0,3.0,Sourav Ganguly,Win
Sri Lanka,India,ODI,Colombo(RPS),1997,Lose,Bowling,240.0,2.0,19.0,6.0,25.0,6.51,99.56,84.0,7.0,15.0,2.0,Marvan Atapattu,Win
India,Sri Lanka,ODI,Colombo(RPS),1997,Win,Batting,239.0,7.0,11.0,2.0,15.0,4.78,91.52,81.0,2.0,25.0,1.0,Marvan Atapattu,Lose
Bangladesh,Sri Lanka,ODI,Dhaka,2000,Lose,Batting,175.0,6.0,8.0,1.0,12.0,3.5,46.74,85.0,1.0,13.0,1.0,Aravinda de Silva,Lose
Sri Lanka,Bangladesh,ODI,Dhaka,2000,Win,Bowling,178.0,1.0,20.0,4.0,13.0,5.8,82.31,96.0,6.0,12.0,2.0,Aravinda de Silva,Win
Bangladesh,India,ODI,Dhaka,2000,Win,Batting,249.0,6.0,17.0,4.0,17.0,4.98,90.75,64.0,2.0,11.0,1.0,Sourav Ganguly,Lose
India,Bangladesh,ODI,Dhaka,2000,Lose,Bowling,252.0,2.0,17.0,9.0,11.0,6.27,100.72,135.0,6.0,17.0,3.0,Sourav Ganguly,Win
India,Sri Lanka,ODI,Dhaka,2000,Lose,Bowling,205.0,10.0,18.0,2.0,17.0,4.55,52.18,93.0,8.0,23.0,2.0,Sanath Jayasuriya,Lose
Sri Lanka,India,ODI,Dhaka,2000,Win,Batting,276.0,8.0,21.0,2.0,23.0,5.52,84.47,105.0,10.0,17.0,3.0,Sanath Jayasuriya,Win
Bangladesh,Pakistan,ODI,Dhaka,2000,Lose,Bowling,87.0,10.0,7.0,0.0,22.0,2.53,28.78,23.0,3.0,9.0,1.0,Imran Nazir,Lose
Pakistan,Bangladesh,ODI,Dhaka,2000,Win,Batting,320.0,3.0,33.0,6.0,9.0,6.4,111.43,80.0,10.0,22.0,3.0,Imran Nazir,Win
India,Pakistan,ODI,Dhaka,2000,Lose,Bowling,251.0,10.0,19.0,4.0,38.0,5.26,54.83,93.0,7.0,16.0,3.0,Mohammad Yousuf,Lose
Pakistan,India,ODI,Dhaka,2000,Win,Batting,295.0,7.0,29.0,3.0,16.0,5.9,100.53,100.0,10.0,38.0,4.0,Mohammad Yousuf,Win
Pakistan,Sri Lanka,ODI,Dhaka,2000,Lose,Bowling,193.0,3.0,14.0,3.0,15.0,3.99,64.61,90.0,10.0,12.0,3.0,Mohammad Yousuf,Win
Sri Lanka,Pakistan,ODI,Dhaka,2000,Win,Batting,192.0,10.0,10.0,2.0,12.0,3.91,46.81,62.0,3.0,15.0,2.0,Mohammad Yousuf,Lose
Pakistan,Sri Lanka,ODI,Dhaka,2000,Win,Batting,277.0,4.0,16.0,6.0,17.0,5.54,85.63,82.0,10.0,15.0,2.0,Moin Khan,Win
Sri Lanka,Pakistan,ODI,Dhaka,2000,Lose,Bowling,238.0,10.0,20.0,3.0,15.0,5.25,61.8,100.0,4.0,17.0,2.0,Moin Khan,Lose
Bangladesh,Hong Kong,ODI,Colombo(SSC),2004,Lose,Batting,221.0,9.0,15.0,0.0,20.0,4.42,74.38,68.0,10.0,13.0,3.0,Javed Omar,Win
Hong Kong,Bangladesh,ODI,Colombo(SSC),2004,Win,Bowling,105.0,10.0,6.0,0.0,13.0,2.31,31.01,20.0,9.0,20.0,3.0,Javed Omar,Lose
India,UAE,ODI,Dambulla,2004,Win,Batting,260.0,6.0,17.0,1.0,14.0,5.2,74.59,104.0,10.0,34.0,3.0,Rahul Dravid,Win
UAE,India,ODI,Dambulla,2004,Lose,Bowling,144.0,10.0,14.0,0.0,34.0,4.11,34.93,55.0,6.0,14.0,2.0,Rahul Dravid,Lose
Bangladesh,Pakistan,ODI,Colombo(SSC),2004,Lose,Bowling,181.0,10.0,13.0,1.0,20.0,3.99,45.64,62.0,6.0,11.0,2.0,Yasir Hameed,Lose
Pakistan,Bangladesh,ODI,Colombo(SSC),2004,Win,Batting,257.0,6.0,19.0,2.0,11.0,5.14,83.96,102.0,10.0,20.0,3.0,Yasir Hameed,Win
Sri Lanka,UAE,ODI,Dambulla,2004,Win,Batting,239.0,10.0,20.0,1.0,24.0,4.78,65.42,73.0,10.0,24.0,4.0,Khurram Khan,Win
UAE,Sri Lanka,ODI,Dambulla,2004,Lose,Bowling,123.0,10.0,8.0,0.0,24.0,2.57,28.99,39.0,10.0,24.0,4.0,Khurram Khan,Lose
Hong Kong,Pakistan,ODI,Colombo(SSC),2004,Lose,Bowling,165.0,10.0,17.0,1.0,29.0,3.73,38.65,36.0,5.0,13.0,2.0,Shoaib Malik,Lose
Pakistan,Hong Kong,ODI,Colombo(SSC),2004,Win,Batting,343.0,5.0,24.0,6.0,13.0,6.86,136.56,144.0,10.0,29.0,4.0,Shoaib Malik,Win
Sri Lanka,India,ODI,Dambulla,2004,Win,Batting,282.0,4.0,19.0,3.0,27.0,5.64,87.88,58.0,8.0,34.0,3.0,Nuwan Zoysa,Win
India,Sri Lanka,ODI,Dambulla,2004,Lose,Bowling,270.0,8.0,23.0,2.0,34.0,5.4,73.76,82.0,4.0,27.0,1.0,Nuwan Zoysa,Lose
Bangladesh,India,ODI,Colombo(SSC),2004,Lose,Batting,177.0,10.0,9.0,2.0,37.0,3.6,34.2,35.0,2.0,19.0,1.0,Sachin Tendulkar,Lose
India,Bangladesh,ODI,Colombo(SSC),2004,Win,Bowling,178.0,2.0,16.0,4.0,19.0,4.62,89.6,82.0,10.0,37.0,3.0,Sachin Tendulkar,Win
Sri Lanka,Pakistan,ODI,Colombo(RPS),2004,Lose,Bowling,123.0,3.0,10.0,0.0,25.0,3.84,56.99,26.0,10.0,16.0,3.0,Nuwan Zoysa,Win
Pakistan,Sri Lanka,ODI,Colombo(RPS),2004,Win,Batting,122.0,10.0,7.0,1.0,16.0,3.06,33.51,43.0,3.0,25.0,2.0,Nuwan Zoysa,Lose
Sri Lanka,Bangladesh,ODI,Colombo(RPS),2004,Lose,Bowling,191.0,0.0,15.0,0.0,20.0,5.7,84.97,107.0,9.0,20.0,3.0,Sanath Jayasuriya,Win
Bangladesh,Sri Lanka,ODI,Colombo(RPS),2004,Win,Batting,190.0,9.0,12.0,1.0,20.0,3.8,79.55,66.0,0.0,20.0,0.0,Sanath Jayasuriya,Lose
India,Pakistan,ODI,Colombo(RPS),2004,Lose,Bowling,241.0,8.0,18.0,1.0,38.0,4.82,59.68,78.0,9.0,21.0,3.0,Shoaib Malik,Lose
Pakistan,India,ODI,Colombo(RPS),2004,Win,Batting,300.0,9.0,29.0,2.0,21.0,6.0,68.11,143.0,8.0,38.0,2.0,Shoaib Malik,Win
Sri Lanka,India,ODI,Colombo(RPS),2004,Lose,Bowling,267.0,9.0,20.0,3.0,26.0,5.34,72.7,130.0,6.0,20.0,2.0,Virender Sehwag,Lose
India,Sri Lanka,ODI,Colombo(RPS),2004,Win,Batting,271.0,6.0,23.0,2.0,20.0,5.42,84.49,79.0,9.0,26.0,3.0,Virender Sehwag,Win
Bangladesh,Pakistan,ODI,Colombo(RPS),2004,Win,Batting,166.0,10.0,12.0,0.0,37.0,3.66,34.08,54.0,4.0,10.0,1.0,Shoaib Malik,Lose
Pakistan,Bangladesh,ODI,Colombo(RPS),2004,Lose,Bowling,167.0,4.0,22.0,0.0,10.0,4.07,62.75,48.0,10.0,37.0,3.0,Shoaib Malik,Win
Sri Lanka,India,ODI,Colombo(RPS),2004,Win,Batting,228.0,9.0,18.0,0.0,32.0,4.56,60.69,65.0,9.0,25.0,3.0,Marvan Atapattu,Win
India,Sri Lanka,ODI,Colombo(RPS),2004,Lose,Bowling,203.0,9.0,13.0,3.0,25.0,4.06,58.39,74.0,9.0,32.0,2.0,Marvan Atapattu,Lose
Bangladesh,UAE,ODI,Lahore,2008,Win,Batting,300.0,8.0,22.0,1.0,18.0,6.0,95.6,109.0,10.0,10.0,3.0,Mohammad Ashraful,Win
UAE,Bangladesh,ODI,Lahore,2008,Lose,Bowling,204.0,10.0,22.0,1.0,10.0,4.46,57.53,78.0,8.0,18.0,3.0,Mohammad Ashraful,Lose
Pakistan,Hong Kong,ODI,Karachi,2008,Win,Batting,288.0,9.0,30.0,1.0,12.0,5.76,79.88,67.0,10.0,16.0,2.0,Sohail Tanvir,Win
Hong Kong,Pakistan,ODI,Karachi,2008,Lose,Bowling,133.0,10.0,13.0,0.0,16.0,3.56,40.08,26.0,9.0,12.0,4.0,Sohail Tanvir,Lose
Bangladesh,Sri Lanka,ODI,Lahore,2008,Win,Bowling,226.0,7.0,13.0,2.0,20.0,4.52,60.82,44.0,9.0,22.0,3.0,Kumar Sangakkara,Lose
Sri Lanka,Bangladesh,ODI,Lahore,2008,Lose,Batting,357.0,9.0,36.0,5.0,22.0,7.14,97.7,101.0,7.0,20.0,2.0,Kumar Sangakkara,Win
Hong Kong,India,ODI,Karachi,2008,Lose,Bowling,118.0,10.0,17.0,0.0,9.0,3.2,40.44,25.0,4.0,9.0,2.0,Suresh Raina,Lose
India,Hong Kong,ODI,Karachi,2008,Win,Batting,374.0,4.0,33.0,14.0,9.0,7.48,123.06,109.0,10.0,9.0,4.0,Suresh Raina,Win
Pakistan,India,ODI,Karachi,2008,Win,Batting,299.0,4.0,33.0,1.0,7.0,5.98,123.3,125.0,4.0,15.0,2.0,Suresh Raina,Lose
India,Pakistan,ODI,Karachi,2008,Lose,Bowling,301.0,4.0,25.0,12.0,15.0,7.13,85.13,119.0,4.0,7.0,1.0,Suresh Raina,Win
Sri Lanka,UAE,ODI,Lahore,2008,Win,Batting,290.0,9.0,22.0,0.0,19.0,5.8,80.53,67.0,10.0,9.0,5.0,Ajantha Mendis,Win
UAE,Sri Lanka,ODI,Lahore,2008,Lose,Bowling,148.0,10.0,16.0,0.0,9.0,4.05,42.01,77.0,9.0,19.0,3.0,Ajantha Mendis,Lose
Bangladesh,India,ODI,Karachi,2008,Win,Batting,283.0,6.0,27.0,6.0,14.0,5.66,71.07,115.0,3.0,18.0,2.0,Suresh Raina,Lose
India,Bangladesh,ODI,Karachi,2008,Lose,Bowling,284.0,3.0,25.0,6.0,18.0,6.55,86.45,116.0,6.0,14.0,2.0,Suresh Raina,Win
Pakistan,Sri Lanka,ODI,Karachi,2008,Win,Bowling,238.0,9.0,17.0,4.0,3.0,4.76,62.63,76.0,7.0,23.0,5.0,Kumar Sangakkara,Lose
Sri Lanka,Pakistan,ODI,Karachi,2008,Lose,Batting,302.0,7.0,26.0,4.0,23.0,6.04,93.22,112.0,9.0,3.0,4.0,Kumar Sangakkara,Win
Bangladesh,Sri Lanka,ODI,Karachi,2008,Lose,Bowling,174.0,10.0,20.0,1.0,14.0,4.51,55.06,52.0,8.0,10.0,2.0,Sanath Jayasuriya,Lose
Sri Lanka,Bangladesh,ODI,Karachi,2008,Win,Batting,332.0,8.0,36.0,8.0,10.0,6.64,96.79,130.0,10.0,14.0,5.0,Sanath Jayasuriya,Win
Pakistan,India,ODI,Karachi,2008,Lose,Bowling,309.0,2.0,35.0,2.0,6.0,6.79,137.17,123.0,7.0,13.0,3.0,Younis Khan,Win
India,Pakistan,ODI,Karachi,2008,Win,Batting,308.0,7.0,26.0,3.0,13.0,6.16,89.22,76.0,2.0,6.0,1.0,Younis Khan,Lose
India,Sri Lanka,ODI,Karachi,2008,Lose,Bowling,310.0,4.0,30.0,3.0,21.0,6.61,103.26,68.0,8.0,15.0,2.0,MS Dhoni,Win
Sri Lanka,India,ODI,Karachi,2008,Win,Batting,308.0,8.0,30.0,3.0,15.0,6.16,107.2,75.0,4.0,21.0,2.0,MS Dhoni,Lose
Pakistan,Bangladesh,ODI,Karachi,2008,Lose,Bowling,116.0,0.0,14.0,2.0,8.0,5.89,91.59,56.0,10.0,16.0,3.0,Abdur Rauf,Win
Bangladesh,Pakistan,ODI,Karachi,2008,Win,Batting,115.0,10.0,8.0,2.0,16.0,3.0,38.31,26.0,0.0,8.0,0.0,Abdur Rauf,Lose
India,Sri Lanka,ODI,Karachi,2008,Win,Bowling,173.0,10.0,23.0,0.0,3.0,4.37,50.41,60.0,10.0,9.0,3.0,Ajantha Mendis,Lose
Sri Lanka,India,ODI,Karachi,2008,Lose,Batting,273.0,10.0,21.0,5.0,9.0,5.47,82.77,125.0,10.0,3.0,6.0,Ajantha Mendis,Win
Sri Lanka,Pakistan,ODI,Dambulla,2010,Win,Batting,242.0,9.0,17.0,1.0,11.0,4.84,73.73,55.0,10.0,15.0,5.0,Shahid Afridi,Win
Pakistan,Sri Lanka,ODI,Dambulla,2010,Lose,Bowling,226.0,10.0,12.0,7.0,15.0,4.8,48.35,109.0,9.0,11.0,3.0,Shahid Afridi,Lose
Bangladesh,India,ODI,Dambulla,2010,Win,Batting,167.0,10.0,15.0,1.0,21.0,4.79,61.7,37.0,4.0,25.0,2.0,Gautam Gambhir,Lose
India,Bangladesh,ODI,Dambulla,2010,Lose,Bowling,168.0,4.0,11.0,1.0,25.0,5.47,65.7,82.0,10.0,21.0,4.0,Gautam Gambhir,Win
Sri Lanka,Bangladesh,ODI,Dambulla,2010,Win,Batting,312.0,4.0,28.0,5.0,13.0,6.24,106.19,71.0,10.0,18.0,3.0,Tillakaratne Dilshan,Win
Bangladesh,Sri Lanka,ODI,Dambulla,2010,Lose,Bowling,186.0,10.0,17.0,1.0,18.0,4.61,56.09,51.0,4.0,13.0,2.0,Tillakaratne Dilshan,Lose
India,Pakistan,ODI,Dambulla,2010,Lose,Bowling,271.0,7.0,14.0,6.0,24.0,5.43,92.55,83.0,10.0,11.0,3.0,Gautam Gambhir,Win
Pakistan,India,ODI,Dambulla,2010,Win,Batting,267.0,10.0,20.0,4.0,11.0,5.39,70.7,74.0,7.0,24.0,3.0,Gautam Gambhir,Lose
Bangladesh,Pakistan,ODI,Dambulla,2010,Lose,Bowling,246.0,5.0,18.0,2.0,12.0,4.92,67.64,97.0,7.0,11.0,3.0,Shahid Afridi,Lose
Pakistan,Bangladesh,ODI,Dambulla,2010,Win,Batting,385.0,7.0,41.0,10.0,11.0,7.7,129.98,124.0,5.0,12.0,1.0,Shahid Afridi,Win
Sri Lanka,India,ODI,Dambulla,2010,Win,Bowling,211.0,3.0,25.0,2.0,16.0,5.62,90.14,73.0,10.0,6.0,5.0,Farveez Maharoof,Win
India,Sri Lanka,ODI,Dambulla,2010,Lose,Batting,209.0,10.0,23.0,1.0,6.0,4.91,45.94,69.0,3.0,16.0,2.0,Farveez Maharoof,Lose
Sri Lanka,India,ODI,Dambulla,2010,Lose,Bowling,187.0,10.0,16.0,1.0,18.0,4.18,53.4,55.0,6.0,19.0,2.0,Dinesh Karthik,Lose
India,Sri Lanka,ODI,Dambulla,2010,Win,Batting,268.0,6.0,24.0,1.0,19.0,5.36,87.0,66.0,10.0,18.0,4.0,Dinesh Karthik,Win
Bangladesh,Pakistan,ODI,Mirpur,2012,Win,Bowling,241.0,10.0,20.0,3.0,7.0,5.0,55.13,64.0,8.0,8.0,3.0,Mohammad Hafeez,Lose
Pakistan,Bangladesh,ODI,Mirpur,2012,Lose,Batting,262.0,8.0,21.0,2.0,8.0,5.24,95.87,89.0,10.0,7.0,3.0,Mohammad Hafeez,Win
India,Sri Lanka,ODI,Mirpur,2012,Lose,Batting,304.0,3.0,24.0,2.0,14.0,6.08,111.94,108.0,10.0,8.0,4.0,Virat Kohli,Win
Sri Lanka,India,ODI,Mirpur,2012,Win,Bowling,254.0,10.0,20.0,5.0,8.0,5.62,73.82,78.0,3.0,14.0,2.0,Virat Kohli,Lose
Pakistan,Sri Lanka,ODI,Mirpur,2012,Lose,Bowling,189.0,4.0,21.0,3.0,5.0,4.74,64.33,77.0,10.0,9.0,4.0,Aizaz Cheema,Win
Sri Lanka,Pakistan,ODI,Mirpur,2012,Win,Batting,188.0,10.0,14.0,1.0,9.0,4.11,42.65,71.0,4.0,5.0,2.0,Aizaz Cheema,Lose
Bangladesh,India,ODI,Mirpur,2012,Win,Bowling,293.0,5.0,24.0,6.0,12.0,5.93,116.73,70.0,5.0,18.0,2.0,Shakib Al Hasan,Win
India,Bangladesh,ODI,Mirpur,2012,Lose,Batting,289.0,5.0,25.0,3.0,18.0,5.78,116.94,114.0,5.0,12.0,3.0,Shakib Al Hasan,Lose
India,Pakistan,ODI,Mirpur,2012,Lose,Bowling,330.0,4.0,34.0,4.0,11.0,6.89,152.32,183.0,6.0,15.0,2.0,Virat Kohli,Win
Pakistan,India,ODI,Mirpur,2012,Win,Batting,329.0,6.0,27.0,2.0,15.0,6.58,86.28,112.0,4.0,11.0,2.0,Virat Kohli,Lose
Bangladesh,Sri Lanka,ODI,Mirpur,2012,Win,Bowling,212.0,5.0,23.0,0.0,20.0,5.7,72.18,59.0,10.0,11.0,3.0,Shakib Al Hasan, Win D/L
Sri Lanka,Bangladesh,ODI,Mirpur,2012,Lose,Batting,232.0,10.0,19.0,1.0,11.0,4.65,64.14,62.0,5.0,20.0,2.0,Shakib Al Hasan, Lose D/L
Bangladesh,Pakistan,ODI,Mirpur,2012,Win,Bowling,234.0,8.0,20.0,1.0,11.0,4.68,76.41,68.0,9.0,18.0,2.0,Shahid Afridi,Lose
Pakistan,Bangladesh,ODI,Mirpur,2012,Lose,Batting,236.0,9.0,19.0,3.0,18.0,4.72,74.75,46.0,8.0,11.0,3.0,Shahid Afridi,Win
Pakistan,Sri Lanka,ODI,Fatullah,2014,Lose,Bowling,284.0,10.0,26.0,6.0,13.0,5.81,101.36,74.0,6.0,18.0,2.0,Lasith Malinga,Lose
Sri Lanka,Pakistan,ODI,Fatullah,2014,Win,Batting,296.0,6.0,29.0,2.0,18.0,5.92,86.84,102.0,10.0,13.0,5.0,Lasith Malinga,Win
Bangladesh,India,ODI,Fatullah,2014,Lose,Batting,279.0,7.0,20.0,6.0,18.0,5.58,81.02,117.0,4.0,11.0,1.0,Virat Kohli,Lose
India,Bangladesh,ODI,Fatullah,2014,Win,Bowling,280.0,4.0,29.0,4.0,11.0,5.71,82.58,136.0,7.0,18.0,4.0,Virat Kohli,Win
Afghanistan,Pakistan,ODI,Fatullah,2014,Win,Bowling,176.0,10.0,18.0,0.0,13.0,3.71,45.44,44.0,8.0,5.0,2.0,Umar Akmal,Lose
Pakistan,Afghanistan,ODI,Fatullah,2014,Lose,Batting,248.0,8.0,22.0,5.0,5.0,4.96,70.21,102.0,10.0,13.0,3.0,Umar Akmal,Win
India,Sri Lanka,ODI,Fatullah,2014,Lose,Batting,264.0,9.0,17.0,5.0,11.0,5.28,82.73,94.0,8.0,8.0,3.0,Kumar Sangakkara,Lose
Sri Lanka,India,ODI,Fatullah,2014,Win,Bowling,265.0,8.0,25.0,4.0,8.0,5.37,85.75,103.0,9.0,11.0,4.0,Kumar Sangakkara,Win
Bangladesh,Afghanistan,ODI,Fatullah,2014,Win,Bowling,222.0,10.0,16.0,4.0,12.0,4.64,52.1,50.0,6.0,17.0,2.0,Samiullah Shinwari,Lose
Afghanistan,Bangladesh,ODI,Fatullah,2014,Lose,Batting,254.0,6.0,21.0,5.0,17.0,5.08,55.1,90.0,10.0,12.0,3.0,Samiullah Shinwari,Win
India,Pakistan,ODI,Mirpur,2014,Lose,Batting,245.0,8.0,23.0,5.0,8.0,4.9,74.32,58.0,9.0,17.0,3.0,Mohammad Hafeez,Lose
Pakistan,India,ODI,Mirpur,2014,Win,Bowling,249.0,9.0,16.0,8.0,17.0,5.01,68.36,75.0,8.0,8.0,3.0,Mohammad Hafeez,Win
Afghanistan,Sri Lanka,ODI,Mirpur,2014,Lose,Bowling,124.0,10.0,11.0,2.0,9.0,3.2,38.46,37.0,6.0,18.0,2.0,Kumar Sangakkara,Lose
Sri Lanka,Afghanistan,ODI,Mirpur,2014,Win,Batting,253.0,6.0,18.0,2.0,18.0,5.06,79.39,76.0,10.0,9.0,3.0,Kumar Sangakkara,Win
Bangladesh,Pakistan,ODI,Mirpur,2014,Win,Batting,326.0,3.0,31.0,8.0,21.0,6.52,138.5,100.0,7.0,13.0,2.0,Shahid Afridi,Lose
Pakistan,Bangladesh,ODI,Mirpur,2014,Lose,Bowling,329.0,7.0,29.0,10.0,13.0,6.6,114.45,103.0,3.0,21.0,2.0,Shahid Afridi,Win
Afghanistan,India,ODI,Mirpur,2014,Lose,Batting,159.0,10.0,16.0,2.0,14.0,3.5,45.2,50.0,2.0,5.0,1.0,Ravindra Jadeja,Lose
India,Afghanistan,ODI,Mirpur,2014,Win,Bowling,160.0,2.0,13.0,1.0,5.0,4.94,78.63,60.0,10.0,14.0,4.0,Ravindra Jadeja,Win
Bangladesh,Sri Lanka,ODI,Mirpur,2014,Win,Batting,204.0,9.0,14.0,1.0,17.0,4.08,49.51,49.0,7.0,9.0,2.0,Angelo Mathews,Lose
Sri Lanka,Bangladesh,ODI,Mirpur,2014,Lose,Bowling,208.0,7.0,19.0,1.0,9.0,4.24,55.16,74.0,9.0,17.0,2.0,Angelo Mathews,Win
Pakistan,Sri Lanka,ODI,Mirpur,2014,Win,Batting,260.0,5.0,21.0,5.0,6.0,5.2,86.61,114.0,5.0,8.0,3.0,Lasith Malinga,Lose
Sri Lanka,Pakistan,ODI,Mirpur,2014,Lose,Bowling,261.0,5.0,33.0,2.0,8.0,5.63,78.52,101.0,5.0,6.0,5.0,Lasith Malinga,Win
Bangladesh,India,T20I,Mirpur,2016,Win,Bowling,121.0,7.0,8.0,3.0,10.0,6.05,72.89,44.0,6.0,7.0,3.0,Rohit Sharma,Lose
India,Bangladesh,T20I,Mirpur,2016,Lose,Batting,166.0,6.0,15.0,5.0,7.0,8.3,146.48,83.0,7.0,10.0,3.0,Rohit Sharma,Win
Sri Lanka,UAE,T20I,Mirpur,2016,Lose,Batting,129.0,8.0,14.0,1.0,5.0,6.45,87.84,50.0,9.0,16.0,4.0,Lasith Malinga,Win
UAE,Sri Lanka,T20I,Mirpur,2016,Win,Bowling,115.0,9.0,7.0,2.0,16.0,5.75,65.1,37.0,8.0,5.0,3.0,Lasith Malinga,Lose
Bangladesh,UAE,T20I,Mirpur,2016,Lose,Batting,133.0,8.0,8.0,5.0,5.0,6.65,64.8,47.0,10.0,3.0,2.0,Mahmudullah,Win
UAE,Bangladesh,T20I,Mirpur,2016,Win,Bowling,82.0,10.0,7.0,4.0,3.0,4.64,50.99,30.0,8.0,5.0,2.0,Mahmudullah,Lose
India,Pakistan,T20I,Mirpur,2016,Win,Bowling,85.0,5.0,10.0,0.0,14.0,5.48,56.88,49.0,10.0,15.0,3.0,Virat Kohli,Win
Pakistan,India,T20I,Mirpur,2016,Lose,Batting,83.0,10.0,8.0,0.0,15.0,4.74,70.39,25.0,5.0,14.0,3.0,Virat Kohli,Lose
Bangladesh,Sri Lanka,T20I,Mirpur,2016,Win,Batting,147.0,7.0,15.0,4.0,4.0,7.35,68.71,80.0,8.0,3.0,3.0,Sabbir Rahman,Win
Sri Lanka,Bangladesh,T20I,Mirpur,2016,Lose,Bowling,124.0,8.0,7.0,4.0,3.0,6.2,93.02,37.0,7.0,4.0,3.0,Sabbir Rahman,Lose
Pakistan,UAE,T20I,Mirpur,2016,Lose,Bowling,131.0,3.0,12.0,6.0,3.0,7.01,92.45,63.0,6.0,9.0,2.0,Shoaib Malik,Win
UAE,Pakistan,T20I,Mirpur,2016,Win,Batting,129.0,6.0,13.0,6.0,9.0,6.45,103.27,46.0,3.0,3.0,3.0,Shoaib Malik,Lose
India,Sri Lanka,T20I,Mirpur,2016,Win,Bowling,142.0,5.0,15.0,4.0,1.0,7.34,110.74,56.0,9.0,10.0,2.0,Virat Kohli,Win
Sri Lanka,India,T20I,Mirpur,2016,Lose,Batting,138.0,9.0,14.0,2.0,10.0,6.9,107.95,30.0,5.0,1.0,2.0,Virat Kohli,Lose
Bangladesh,Pakistan,T20I,Mirpur,2016,Lose,Bowling,131.0,5.0,10.0,3.0,8.0,6.83,118.28,48.0,7.0,0.0,3.0,Soumya Sarkar,Win
Pakistan,Bangladesh,T20I,Mirpur,2016,Win,Batting,129.0,7.0,12.0,4.0,0.0,6.45,68.11,58.0,5.0,8.0,2.0,Soumya Sarkar,Lose
India,UAE,T20I,Mirpur,2016,Lose,Bowling,82.0,1.0,14.0,2.0,2.0,8.06,132.62,39.0,9.0,7.0,2.0,Rohit Sharma,Win
UAE,India,T20I,Mirpur,2016,Win,Batting,81.0,9.0,6.0,1.0,7.0,4.05,34.28,43.0,1.0,2.0,1.0,Rohit Sharma,Lose
Pakistan,Sri Lanka,T20I,Mirpur,2016,Win,Bowling,151.0,4.0,18.0,3.0,7.0,7.81,120.67,48.0,4.0,7.0,2.0,Umar Akmal,Win
Sri Lanka,Pakistan,T20I,Mirpur,2016,Lose,Batting,150.0,4.0,17.0,2.0,7.0,7.5,80.93,75.0,4.0,7.0,1.0,Umar Akmal,Lose
Bangladesh,India,T20I,Mirpur,2016,Lose,Batting,120.0,5.0,12.0,2.0,3.0,8.0,115.35,33.0,2.0,0.0,1.0,Shikhar Dhawan,Lose
India,Bangladesh,T20I,Mirpur,2016,Win,Bowling,122.0,2.0,15.0,3.0,0.0,8.81,159.03,60.0,5.0,3.0,1.0,Shikhar Dhawan,Win
Bangladesh,Sri Lanka,ODI,Dubai(DSC),2018,Win,Batting,261.0,10.0,19.0,6.0,12.0,5.27,47.61,144.0,10.0,1.0,2.0,Mushfiqur Rahim,Win
Sri Lanka,Bangladesh,ODI,Dubai(DSC),2018,Lose,Bowling,124.0,10.0,8.0,4.0,1.0,3.5,56.26,29.0,10.0,12.0,4.0,Mushfiqur Rahim,Lose
Hong Kong,Pakistan,ODI,Dubai(DSC),2018,Win,Batting,116.0,10.0,10.0,1.0,4.0,3.12,40.6,27.0,2.0,4.0,2.0,Usman Shinwari,Lose
Pakistan,Hong Kong,ODI,Dubai(DSC),2018,Lose,Bowling,120.0,2.0,9.0,3.0,4.0,5.07,83.7,50.0,10.0,4.0,3.0,Usman Shinwari,Win
Afghanistan,Sri Lanka,ODI,Abu Dhabi,2018,Win,Batting,249.0,10.0,19.0,3.0,9.0,4.98,106.37,72.0,10.0,13.0,2.0,Rahmat Shah,Win
Sri Lanka,Afghanistan,ODI,Abu Dhabi,2018,Lose,Bowling,158.0,10.0,10.0,1.0,13.0,3.82,43.2,36.0,10.0,9.0,5.0,Rahmat Shah,Lose
Hong Kong,India,ODI,Dubai(DSC),2018,Win,Bowling,259.0,8.0,19.0,6.0,13.0,5.18,77.72,92.0,7.0,5.0,3.0,Shikhar Dhawan,Lose
India,Hong Kong,ODI,Dubai(DSC),2018,Lose,Batting,285.0,7.0,25.0,5.0,5.0,5.7,67.08,127.0,8.0,13.0,3.0,Shikhar Dhawan,Win
India,Pakistan,ODI,Dubai(DSC),2018,Lose,Bowling,164.0,2.0,17.0,5.0,4.0,5.65,92.42,52.0,10.0,7.0,3.0,Bhuvneshwar Kumar,Win
Pakistan,India,ODI,Dubai(DSC),2018,Win,Batting,162.0,10.0,10.0,2.0,7.0,3.75,45.54,47.0,2.0,4.0,1.0,Bhuvneshwar Kumar,Lose
Afghanistan,Bangladesh,ODI,Abu Dhabi,2018,Win,Batting,255.0,7.0,24.0,1.0,7.0,5.1,93.22,58.0,10.0,5.0,2.0,Rashid Khan,Win
Bangladesh,Afghanistan,ODI,Abu Dhabi,2018,Lose,Bowling,119.0,10.0,5.0,0.0,5.0,2.82,34.44,32.0,7.0,7.0,4.0,Rashid Khan,Lose
Bangladesh,India,ODI,Dubai(DSC),2018,Lose,Batting,173.0,10.0,11.0,4.0,3.0,3.51,56.81,42.0,3.0,4.0,1.0,Ravindra Jadeja,Lose
India,Bangladesh,ODI,Dubai(DSC),2018,Win,Bowling,174.0,3.0,13.0,4.0,4.0,4.78,66.77,83.0,10.0,3.0,4.0,Ravindra Jadeja,Win
Afghanistan,Pakistan,ODI,Abu Dhabi,2018,Win,Batting,257.0,6.0,16.0,5.0,5.0,5.14,92.35,97.0,7.0,17.0,3.0,Shoaib Malik,Lose
Pakistan,Afghanistan,ODI,Abu Dhabi,2018,Lose,Bowling,258.0,7.0,13.0,6.0,17.0,5.21,92.88,80.0,6.0,5.0,3.0,Shoaib Malik,Win
India,Pakistan,ODI,Dubai(DSC),2018,Lose,Bowling,238.0,1.0,24.0,6.0,1.0,6.02,91.31,114.0,7.0,8.0,2.0,Shikhar Dhawan,Win
Pakistan,India,ODI,Dubai(DSC),2018,Win,Batting,237.0,7.0,11.0,5.0,8.0,4.74,78.76,78.0,1.0,1.0,0.0,Shikhar Dhawan,Lose
Afghanistan,Bangladesh,ODI,Abu Dhabi,2018,Lose,Bowling,246.0,7.0,20.0,3.0,8.0,4.92,76.19,71.0,7.0,7.0,3.0,Mahmudullah,Lose
Bangladesh,Afghanistan,ODI,Abu Dhabi,2018,Win,Batting,249.0,7.0,15.0,3.0,7.0,4.98,72.28,74.0,7.0,8.0,2.0,Mahmudullah,Win
Afghanistan,India,ODI,Dubai(DSC),2018,Win,Batting,252.0,8.0,17.0,11.0,7.0,5.04,54.19,124.0,10.0,9.0,2.0,Mohammad Shahzad,No Result
India,Afghanistan,ODI,Dubai(DSC),2018,Lose,Bowling,252.0,10.0,17.0,5.0,9.0,5.05,71.67,60.0,8.0,7.0,3.0,Mohammad Shahzad,No Result
Bangladesh,Pakistan,ODI,Abu Dhabi,2018,Win,Batting,239.0,10.0,17.0,1.0,9.0,4.89,73.23,99.0,9.0,9.0,4.0,Mushfiqur Rahim,Win
Pakistan,Bangladesh,ODI,Abu Dhabi,2018,Lose,Bowling,202.0,9.0,10.0,2.0,9.0,4.04,60.59,83.0,10.0,9.0,4.0,Mushfiqur Rahim,Lose
Bangladesh,India,ODI,Dubai(DSC),2018,Lose,Batting,222.0,10.0,17.0,4.0,7.0,4.57,49.98,121.0,7.0,13.0,2.0,Litton Das,Lose
India,Bangladesh,ODI,Dubai(DSC),2018,Win,Bowling,223.0,7.0,13.0,6.0,13.0,4.46,73.33,48.0,10.0,7.0,3.0,Litton Das,Win
Afghanistan,Sri Lanka,T20I,Dubai(DSC),2022,Win,Bowling,106.0,2.0,10.0,5.0,12.0,10.42,142.44,40.0,10.0,6.0,3.0,Fazalhaq Farooqi,Win
Sri Lanka,Afghanistan,T20I,Dubai(DSC),2022,Lose,Batting,105.0,10.0,11.0,2.0,6.0,5.33,47.46,38.0,2.0,12.0,1.0,Fazalhaq Farooqi,Lose
India,Pakistan,T20I,Dubai(DSC),2022,Win,Bowling,148.0,5.0,10.0,5.0,14.0,7.52,97.77,35.0,10.0,5.0,4.0,Hardik Pandya,Win
Pakistan,India,T20I,Dubai(DSC),2022,Lose,Batting,147.0,10.0,13.0,4.0,5.0,7.41,114.67,43.0,5.0,14.0,3.0,Hardik Pandya,Lose
Afghanistan,Bangladesh,T20I,Sharjah,2022,Lose,Bowling,131.0,3.0,10.0,6.0,4.0,7.08,118.76,43.0,7.0,5.0,3.0,Mujeeb Ur Rahman,Win
Bangladesh,Afghanistan,T20I,Sharjah,2022,Win,Batting,127.0,7.0,10.0,1.0,5.0,6.35,87.75,48.0,3.0,4.0,1.0,Mujeeb Ur Rahman,Lose
Hong Kong,India,T20I,Dubai(DSC),2022,Win,Bowling,152.0,5.0,14.0,5.0,6.0,7.6,124.03,41.0,2.0,8.0,1.0,Suryakumar Yadav,Lose
India,Hong Kong,T20I,Dubai(DSC),2022,Lose,Batting,192.0,2.0,9.0,12.0,8.0,9.6,162.36,68.0,5.0,6.0,1.0,Suryakumar Yadav,Win
Bangladesh,Sri Lanka,T20I,Dubai(DSC),2022,Lose,Batting,183.0,7.0,15.0,6.0,10.0,9.15,135.4,39.0,8.0,17.0,3.0,Kusal Mendis,Lose
Sri Lanka,Bangladesh,T20I,Dubai(DSC),2022,Win,Bowling,184.0,8.0,14.0,6.0,17.0,9.51,123.04,60.0,7.0,10.0,2.0,Kusal Mendis,Win
Hong Kong,Pakistan,T20I,Sharjah,2022,Win,Bowling,38.0,10.0,2.0,0.0,10.0,3.56,35.31,8.0,2.0,18.0,2.0,Mohammad Rizwan,Lose
Pakistan,Hong Kong,T20I,Sharjah,2022,Lose,Batting,193.0,2.0,10.0,8.0,18.0,9.65,152.98,78.0,10.0,10.0,4.0,Mohammad Rizwan,Win
Afghanistan,Sri Lanka,T20I,Sharjah,2022,Lose,Batting,175.0,6.0,9.0,9.0,12.0,8.75,86.31,84.0,6.0,5.0,2.0,Rahmanullah Gurbaz,Lose
Sri Lanka,Afghanistan,T20I,Sharjah,2022,Win,Bowling,179.0,6.0,16.0,7.0,5.0,9.33,162.11,36.0,6.0,12.0,2.0,Rahmanullah Gurbaz,Win
India,Pakistan,T20I,Dubai(DSC),2022,Lose,Batting,181.0,7.0,16.0,5.0,14.0,9.05,151.54,60.0,5.0,8.0,1.0,Mohammad Nawaz,Lose
Pakistan,India,T20I,Dubai(DSC),2022,Win,Bowling,182.0,5.0,19.0,5.0,8.0,9.17,157.12,71.0,7.0,14.0,2.0,Mohammad Nawaz,Win
India,Sri Lanka,T20I,Dubai(DSC),2022,Lose,Batting,173.0,8.0,10.0,7.0,8.0,8.65,102.94,72.0,4.0,6.0,3.0,Dasun Shanaka,Lose
Sri Lanka,India,T20I,Dubai(DSC),2022,Win,Bowling,174.0,4.0,12.0,8.0,6.0,8.77,106.54,57.0,8.0,8.0,3.0,Dasun Shanaka,Win
Afghanistan,Pakistan,T20I,Sharjah,2022,Lose,Batting,129.0,6.0,10.0,5.0,3.0,6.45,93.31,35.0,9.0,5.0,3.0,Shadab Khan,Lose
Pakistan,Afghanistan,T20I,Sharjah,2022,Win,Bowling,131.0,9.0,6.0,8.0,5.0,6.77,102.52,36.0,6.0,3.0,2.0,Shadab Khan,Win
Afghanistan,India,T20I,Dubai(DSC),2022,Win,Bowling,111.0,8.0,9.0,3.0,3.0,5.55,51.25,64.0,2.0,2.0,2.0,Virat Kohli,Lose
India,Afghanistan,T20I,Dubai(DSC),2022,Lose,Batting,212.0,2.0,21.0,9.0,2.0,10.6,194.05,122.0,8.0,3.0,5.0,Virat Kohli,Win
Pakistan,Sri Lanka,T20I,Dubai(DSC),2022,Lose,Batting,121.0,10.0,4.0,3.0,17.0,6.31,58.78,30.0,5.0,5.0,2.0,Wanindu Hasaranga de Silva,Lose
Sri Lanka,Pakistan,T20I,Dubai(DSC),2022,Win,Bowling,124.0,5.0,9.0,5.0,5.0,7.29,111.5,55.0,10.0,17.0,3.0,Wanindu Hasaranga de Silva,Win
Pakistan,Sri Lanka,T20I,Dubai(DSC),2022,Win,Bowling,147.0,10.0,9.0,4.0,14.0,7.35,99.38,55.0,6.0,10.0,3.0,Bhanuka Rajapaksa,Lose
Sri Lanka,Pakistan,T20I,Dubai(DSC),2022,Lose,Batting,170.0,6.0,16.0,5.0,10.0,8.5,90.86,71.0,10.0,14.0,4.0,Bhanuka Rajapaksa,Win
